Timestamp,Average RT,Email address,Gender,What input device did you complete the reaction time task on?
15/09/2015 11:03,286,,Male,
17/09/2015 18:06,306,,Male,
17/09/2015 18:07,376,,Female,
17/09/2015 18:07,377,,Female,
17/09/2015 18:07,302,,Female,
17/09/2015 18:07,302,,Female,
17/09/2015 18:08,276,,Female,
17/09/2015 18:08,279,,Male,
17/09/2015 18:08,327,,Male,
17/09/2015 18:08,311,,Female,
17/09/2015 18:08,309,,Male,
17/09/2015 18:08,511.2,,Female,
17/09/2015 18:08,367,,Female,
17/09/2015 18:08,245,,Male,
17/09/2015 18:09,336,,Male,
17/09/2015 18:09,215,,Male,
17/09/2015 18:09,466,,Female,
17/09/2015 18:09,303,,Male,
17/09/2015 18:09,420,,Male,
17/09/2015 18:09,222,,Male,
17/09/2015 18:10,584,,Female,
17/09/2015 18:10,550,,Male,
17/09/2015 18:11,484,,Male,
17/09/2015 18:12,246,,Male,
17/09/2015 18:12,472,,Male,
17/09/2015 18:13,340,,Female,
17/09/2015 18:14,323,,Female,
17/09/2015 18:14,457,,Male,
17/09/2015 18:14,315,,Male,
17/09/2015 18:16,1338,,Female,
17/09/2015 18:22,257,,Male,
28/04/2017 13:28,236,,,Mouse or keyboard
28/04/2017 16:11,281,,,Touchscreen
28/04/2017 16:11,261,,,Touchscreen
28/04/2017 16:12,306,,,Mouse or keyboard
28/04/2017 16:12,284,,,Mouse or keyboard
28/04/2017 16:12,322,,,Mouse or keyboard
28/04/2017 16:12,333,,,Mouse or keyboard
28/04/2017 16:13,484,,,Mouse or keyboard
28/04/2017 16:13,283,,,Mouse or keyboard
28/04/2017 16:15,282,,,Mouse or keyboard
28/04/2017 16:15,298,,,Mouse or keyboard
28/04/2017 16:15,418,,,Mouse or keyboard
28/04/2017 16:15,370,,,Mouse or keyboard
28/04/2017 16:15,305,,,Mouse or keyboard
28/04/2017 16:15,253,,,Mouse or keyboard
28/04/2017 16:16,336.4,,,Mouse or keyboard
28/04/2017 16:16,372,,,Touchscreen
28/04/2017 16:16,305,,,Mouse or keyboard
28/04/2017 16:16,403,,,Touchscreen
28/04/2017 16:16,452,,,Mouse or keyboard
28/04/2017 16:16,326,,,Mouse or keyboard
28/04/2017 16:16,362,,,Touchscreen
28/04/2017 16:16,346,,,Mouse or keyboard
28/04/2017 16:16,370,,,Mouse or keyboard
28/04/2017 16:17,350,,,Mouse or keyboard
28/04/2017 16:17,309,,,Mouse or keyboard
28/04/2017 18:10,347,,,Mouse or keyboard
28/04/2017 18:23,459,,,Touchscreen
28/04/2017 18:23,307,,,Mouse or keyboard
28/04/2017 18:23,324,,,Touchscreen
28/04/2017 18:24,360,,,Mouse or keyboard
28/04/2017 18:24,290,,,Touchscreen
28/04/2017 18:25,260,,,Mouse or keyboard
28/04/2017 18:25,285,,,Mouse or keyboard
28/04/2017 18:26,280,,,Mouse or keyboard
28/04/2017 18:26,312,,,Mouse or keyboard
28/04/2017 18:26,260,,,Mouse or keyboard
28/04/2017 18:26,641,,,Mouse or keyboard
28/04/2017 18:26,287,,,Mouse or keyboard
28/04/2017 18:26,304.8,,,Mouse or keyboard
28/04/2017 18:26,1779,,,Mouse or keyboard
28/04/2017 18:27,833,,,Touchscreen
28/04/2017 18:27,369,,,Touchscreen
28/04/2017 18:27,454,,,Mouse or keyboard
28/04/2017 18:27,599,,,Touchscreen
28/04/2017 18:27,273,,,Mouse or keyboard
28/04/2017 18:27,454,,,Touchscreen
28/04/2017 18:27,397,,,Mouse or keyboard
28/04/2017 18:27,205,,,Mouse or keyboard
28/04/2017 18:27,270,,,Mouse or keyboard
28/04/2017 18:28,417,,,Mouse or keyboard
28/04/2017 18:28,561,,,Mouse or keyboard
28/04/2017 18:28,413,,,Touchscreen
28/04/2017 18:28,279,,,Mouse or keyboard
28/04/2017 18:29,505.8,,,Mouse or keyboard
28/04/2017 18:29,351,,,Touchscreen
28/04/2017 18:30,329,,,Touchscreen
28/04/2017 18:30,625,,,Mouse or keyboard
28/04/2017 18:31,492,,,Mouse or keyboard
28/04/2017 18:32,619,,,Mouse or keyboard
28/04/2017 18:33,389,,,Mouse or keyboard
28/04/2017 18:33,350,,,Mouse or keyboard
